id;dart
0;0x600000d08200
1;0x600000d083c0
2;0x600000d085c0
3;0x600000d087c0
4;0x600000d089c0
5;0x600000d08bc0
6;0x600000d08dc0
7;0x600000d08fc0
8;0x600000d091c0
9;0x600000d093c0
10;0x600000d095c0
11;0x600000d097c0
12;0x600000d099c0
13;0x600000d09bc0
14;0x600000d09dc0
15;0x600000d09fc0
16;0x600000d0a1c0
17;0x600000d0a3c0
18;0x600000d0a5c0
19;0x600000d0a7c0
20;0x600000d0a9c0
21;0x600000d0abc0
22;0x600000d0adc0
23;0x600000d0afc0
24;0x600000d0b1c0
25;0x600000d0b3c0
26;0x600000d0b5c0
27;0x600000d0b7c0
28;0x600000d0b9c0
29;0x600000d0bbc0
30;0x600000d0bdc0
31;0x600000d0bfc0
32;0x600000d041c0
33;0x600000d043c0
34;0x600000d045c0
35;0x600000d047c0
36;0x600000d049c0
37;0x600000d04bc0
38;0x600000d04dc0
39;0x600000d04fc0
40;0x600000d051c0
41;0x600000d053c0
42;0x600000d055c0
43;0x600000d057c0
44;0x600000d059c0
45;0x600000d05bc0
46;0x600000d05dc0
47;0x600000d05fc0
48;0x600000d061c0
49;0x600000d063c0
50;0x600000d065c0
51;0x600000d067c0
52;0x600000d069c0
53;0x600000d06bc0
54;0x600000d06dc0
55;0x600000d06fc0
56;0x600000d071c0
57;0x600000d073c0
58;0x600000d075c0
59;0x600000d077c0
60;0x600000d079c0
61;0x600000d07bc0
62;0x600000d07dc0
63;0x600000d07fc0
64;0x600000d001c0
65;0x600000d003c0
66;0x600000d005c0
67;0x600000d007c0
68;0x600000d009c0
69;0x600000d00bc0
70;0x600000d00dc0
71;0x600000d00fc0
72;0x600000d011c0
73;0x600000d013c0
74;0x600000d015c0
75;0x600000d017c0
76;0x600000d019c0
77;0x600000d01bc0
78;0x600000d01dc0
79;0x600000d01fc0
80;0x600000d021c0
81;0x600000d023c0
82;0x600000d025c0
83;0x600000d027c0
84;0x600000d029c0
85;0x600000d02bc0
86;0x600000d02dc0
87;0x600000d02fc0
88;0x600000d031c0
89;0x600000d033c0
90;0x600000d035c0
91;0x600000d037c0
92;0x600000d039c0
93;0x600000d03bc0
94;0x600000d03dc0
95;0x600000d03fc0
96;0x600000d1c1c0
97;0x600000d1c3c0
98;0x600000d1c5c0
99;0x600000d1c7c0
100;0x600000d1c9c0
101;0x600000d1cbc0
102;0x600000d1cdc0
103;0x600000d1cfc0
104;0x600000d1d1c0
105;0x600000d1d3c0
106;0x600000d1d5c0
107;0x600000d1d7c0
108;0x600000d1d9c0
109;0x600000d1dbc0
110;0x600000d1ddc0
111;0x600000d1dfc0
112;0x600000d1e1c0
113;0x600000d1e3c0
114;0x600000d1e5c0
115;0x600000d1e7c0
116;0x600000d1e9c0
117;0x600000d1ebc0
118;0x600000d1edc0
119;0x600000d1efc0
120;0x600000d1f1c0
121;0x600000d1f3c0
122;0x600000d1f5c0
123;0x600000d1f7c0
124;0x600000d1f9c0
125;0x600000d1fbc0
126;0x600000d1fdc0
127;0x600000d1ffc0
128;0x600000d181c0
129;0x600000d183c0
130;0x600000d185c0
131;0x600000d187c0
132;0x600000d189c0
133;0x600000d18bc0
134;0x600000d18dc0
135;0x600000d18fc0
136;0x600000d191c0
137;0x600000d193c0
138;0x600000d195c0
139;0x600000d197c0
140;0x600000d199c0
141;0x600000d19bc0
142;0x600000d19dc0
143;0x600000d19fc0
144;0x600000d1a1c0
145;0x600000d1a3c0
146;0x600000d1a5c0
147;0x600000d1a7c0
148;0x600000d1a9c0
149;0x600000d1abc0
150;0x600000d1adc0
151;0x600000d1afc0
152;0x600000d1b1c0
153;0x600000d1b3c0
154;0x600000d1b5c0
155;0x600000d1b7c0
156;0x600000d1b9c0
157;0x600000d1bbc0
158;0x600000d1bdc0
159;0x600000d1bfc0
160;0x600000d141c0
161;0x600000d143c0
162;0x600000d145c0
163;0x600000d147c0
164;0x600000d149c0
165;0x600000d14bc0
166;0x600000d14dc0
167;0x600000d14fc0
168;0x600000d151c0
169;0x600000d153c0
170;0x600000d155c0
171;0x600000d157c0
172;0x600000d159c0
173;0x600000d15bc0
174;0x600000d15dc0
175;0x600000d15fc0
176;0x600000d161c0
177;0x600000d163c0
178;0x600000d165c0
179;0x600000d167c0
180;0x600000d169c0
181;0x600000d16bc0
182;0x600000d16dc0
183;0x600000d16fc0
184;0x600000d171c0
185;0x600000d173c0
186;0x600000d175c0
187;0x600000d177c0
188;0x600000d179c0
189;0x600000d17bc0
190;0x600000d17dc0
191;0x600000d17fc0
192;0x600000d101c0
193;0x600000d103c0
194;0x600000d105c0
195;0x600000d107c0
196;0x600000d109c0
197;0x600000d10bc0
198;0x600000d10dc0
199;0x600000d10fc0
200;0x600000d111c0
201;0x600000d113c0
202;0x600000d115c0
203;0x600000d117c0
204;0x600000d119c0
205;0x600000d11bc0
206;0x600000d11dc0
207;0x600000d11fc0
208;0x600000d121c0
209;0x600000d123c0
210;0x600000d125c0
211;0x600000d127c0
212;0x600000d129c0
213;0x600000d12bc0
214;0x600000d12dc0
215;0x600000d12fc0
216;0x600000d131c0
217;0x600000d133c0
218;0x600000d135c0
219;0x600000d137c0
220;0x600000d139c0
221;0x600000d13bc0
222;0x600000d13dc0
223;0x600000d13fc0
224;0x600000d2c1c0
225;0x600000d2c3c0
226;0x600000d2c5c0
227;0x600000d2c7c0
228;0x600000d2c9c0
229;0x600000d2cbc0
230;0x600000d2cdc0
231;0x600000d2cfc0
232;0x600000d2d1c0
233;0x600000d2d3c0
234;0x600000d2d5c0
235;0x600000d2d7c0
236;0x600000d2d9c0
237;0x600000d2dbc0
238;0x600000d2ddc0
239;0x600000d2dfc0
240;0x600000d2e1c0
241;0x600000d2e3c0
242;0x600000d2e5c0
243;0x600000d2e7c0
244;0x600000d2e9c0
245;0x600000d2ebc0
246;0x600000d2edc0
247;0x600000d2efc0
248;0x600000d2f1c0
249;0x600000d2f3c0
250;0x600000d2f5c0
251;0x600000d2f7c0
252;0x600000d2f9c0
253;0x600000d2fbc0
254;0x600000d2fdc0
255;0x600000d2ffc0
256;0x600000d281c0
257;0x600000d283c0
258;0x600000d285c0
259;0x600000d287c0
260;0x600000d289c0
261;0x600000d28bc0
262;0x600000d28dc0
263;0x600000d28fc0
264;0x600000d291c0
265;0x600000d293c0
266;0x600000d295c0
267;0x600000d297c0
268;0x600000d299c0
269;0x600000d29bc0
270;0x600000d29dc0
271;0x600000d29fc0
272;0x600000d2a1c0
273;0x600000d2a3c0
274;0x600000d2a5c0
275;0x600000d2a7c0
276;0x600000d2a9c0
277;0x600000d2abc0
278;0x600000d2adc0
279;0x600000d2afc0
280;0x600000d2b1c0
281;0x600000d2b3c0
282;0x600000d2b5c0
283;0x600000d2b7c0
284;0x600000d2b9c0
285;0x600000d2bbc0
286;0x600000d2bdc0
287;0x600000d2bfc0
288;0x600000d241c0
289;0x600000d243c0
290;0x600000d245c0
291;0x600000d247c0
292;0x600000d249c0
293;0x600000d24bc0
294;0x600000d24dc0
295;0x600000d24fc0
296;0x600000d251c0
297;0x600000d253c0
298;0x600000d255c0
299;0x600000d257c0
300;0x600000d259c0
301;0x600000d25bc0
302;0x600000d25dc0
303;0x600000d25fc0
304;0x600000d261c0
305;0x600000d263c0
306;0x600000d265c0
307;0x600000d267c0
308;0x600000d269c0
309;0x600000d26bc0
310;0x600000d26dc0
311;0x600000d26fc0
312;0x600000d271c0
313;0x600000d273c0
314;0x600000d275c0
315;0x600000d277c0
316;0x600000d279c0
317;0x600000d27bc0
318;0x600000d27dc0
319;0x600000d27fc0
320;0x600000d201c0
321;0x600000d203c0
322;0x600000d205c0
323;0x600000d207c0
324;0x600000d209c0
325;0x600000d20bc0
326;0x600000d20dc0
327;0x600000d20fc0
328;0x600000d211c0
329;0x600000d213c0
330;0x600000d215c0
331;0x600000d217c0
332;0x600000d219c0
333;0x600000d21bc0
334;0x600000d21dc0
335;0x600000d21fc0
336;0x600000d221c0
337;0x600000d223c0
338;0x600000d225c0
339;0x600000d227c0
340;0x600000d229c0
341;0x600000d22bc0
342;0x600000d22dc0
343;0x600000d22fc0
344;0x600000d231c0
345;0x600000d233c0
346;0x600000d235c0
347;0x600000d237c0
348;0x600000d239c0
349;0x600000d23bc0
350;0x600000d23dc0
351;0x600000d23fc0
352;0x600000d3c1c0
353;0x600000d3c3c0
354;0x600000d3c5c0
355;0x600000d3c7c0
356;0x600000d3c9c0
357;0x600000d3cbc0
358;0x600000d3cdc0
359;0x600000d3cfc0
360;0x600000d3d1c0
361;0x600000d3d3c0
362;0x600000d3d5c0
363;0x600000d3d7c0
364;0x600000d3d9c0
365;0x600000d3dbc0
366;0x600000d3ddc0
367;0x600000d3dfc0
368;0x600000d3e1c0
369;0x600000d3e3c0
370;0x600000d3e5c0
371;0x600000d3e7c0
372;0x600000d3e9c0
373;0x600000d3ebc0
374;0x600000d3edc0
375;0x600000d3efc0
376;0x600000d3f1c0
377;0x600000d3f3c0
378;0x600000d3f5c0
379;0x600000d3f7c0
380;0x600000d3f9c0
381;0x600000d3fbc0
382;0x600000d3fdc0
383;0x600000d3ffc0
384;0x600000d381c0
385;0x600000d383c0
386;0x600000d385c0
387;0x600000d387c0
388;0x600000d389c0
389;0x600000d38bc0
390;0x600000d38dc0
391;0x600000d38fc0
392;0x600000d391c0
393;0x600000d393c0
394;0x600000d395c0
395;0x600000d397c0
396;0x600000d399c0
397;0x600000d39bc0
398;0x600000d39dc0
399;0x600000d39fc0
400;0x600000d3a1c0
401;0x600000d3a3c0
402;0x600000d3a5c0
403;0x600000d3a7c0
404;0x600000d3a9c0
405;0x600000d3abc0
406;0x600000d3adc0
407;0x600000d3afc0
408;0x600000d3b1c0
409;0x600000d3b3c0
410;0x600000d3b5c0
411;0x600000d3b7c0
412;0x600000d3b9c0
413;0x600000d3bbc0
414;0x600000d3bdc0
415;0x600000d3bfc0
416;0x600000d341c0
417;0x600000d343c0
418;0x600000d345c0
419;0x600000d347c0
420;0x600000d349c0
421;0x600000d34bc0
422;0x600000d34dc0
423;0x600000d34fc0
424;0x600000d351c0
425;0x600000d353c0
426;0x600000d355c0
427;0x600000d357c0
428;0x600000d359c0
429;0x600000d35bc0
430;0x600000d35dc0
431;0x600000d35fc0
432;0x600000d361c0
433;0x600000d363c0
434;0x600000d365c0
435;0x600000d367c0
436;0x600000d369c0
437;0x600000d36bc0
438;0x600000d36dc0
439;0x600000d36fc0
440;0x600000d371c0
441;0x600000d373c0
442;0x600000d375c0
443;0x600000d377c0
444;0x600000d379c0
445;0x600000d37bc0
446;0x600000d37dc0
447;0x600000d37fc0
448;0x600000d301c0
449;0x600000d303c0
450;0x600000d305c0
451;0x600000d307c0
452;0x600000d309c0
453;0x600000d30bc0
454;0x600000d30dc0
455;0x600000d30fc0
456;0x600000d311c0
457;0x600000d313c0
458;0x600000d315c0
459;0x600000d317c0
460;0x600000d319c0
461;0x600000d31bc0
462;0x600000d31dc0
463;0x600000d31fc0
464;0x600000d321c0
465;0x600000d323c0
466;0x600000d325c0
467;0x600000d327c0
468;0x600000d329c0
469;0x600000d32bc0
470;0x600000d32dc0
471;0x600000d32fc0
472;0x600000d331c0
473;0x600000d333c0
474;0x600000d335c0
475;0x600000d337c0
476;0x600000d339c0
477;0x600000d33bc0
478;0x600000d33dc0
479;0x600000d33fc0
480;0x600000d4c1c0
481;0x600000d4c3c0
482;0x600000d4c5c0
483;0x600000d4c7c0
484;0x600000d4c9c0
485;0x600000d4cbc0
486;0x600000d4cdc0
487;0x600000d4cfc0
488;0x600000d4d1c0
489;0x600000d4d3c0
490;0x600000d4d5c0
491;0x600000d4d7c0
492;0x600000d4d9c0
493;0x600000d4dbc0
494;0x600000d4ddc0
495;0x600000d4dfc0
496;0x600000d4e1c0
497;0x600000d4e3c0
498;0x600000d4e5c0
499;0x600000d4e7c0
500;0x600000d4e9c0
501;0x600000d4ebc0
502;0x600000d4edc0
503;0x600000d4efc0
504;0x600000d4f1c0
505;0x600000d4f3c0
506;0x600000d4f5c0
507;0x600000d4f7c0
508;0x600000d4f9c0
509;0x600000d4fbc0
510;0x600000d4fdc0
511;0x600000d4ffc0
512;0x600000d481c0
513;0x600000d483c0
514;0x600000d485c0
515;0x600000d487c0
516;0x600000d489c0
517;0x600000d48bc0
518;0x600000d48dc0
519;0x600000d48fc0
520;0x600000d491c0
521;0x600000d493c0
522;0x600000d495c0
523;0x600000d497c0
524;0x600000d499c0
525;0x600000d49bc0
526;0x600000d49dc0
527;0x600000d49fc0
528;0x600000d4a1c0
529;0x600000d4a3c0
530;0x600000d4a5c0
531;0x600000d4a7c0
532;0x600000d4a9c0
533;0x600000d4abc0
534;0x600000d4adc0
535;0x600000d4afc0
536;0x600000d4b1c0
537;0x600000d4b3c0
538;0x600000d4b5c0
539;0x600000d4b7c0
540;0x600000d4b9c0
541;0x600000d4bbc0
542;0x600000d4bdc0
543;0x600000d4bfc0
544;0x600000d441c0
545;0x600000d443c0
546;0x600000d445c0
547;0x600000d447c0
548;0x600000d449c0
549;0x600000d44bc0
550;0x600000d44dc0
551;0x600000d44fc0
552;0x600000d451c0
553;0x600000d453c0
554;0x600000d455c0
555;0x600000d457c0
556;0x600000d459c0
557;0x600000d45bc0
558;0x600000d45dc0
559;0x600000d45fc0
560;0x600000d461c0
561;0x600000d463c0
562;0x600000d465c0
563;0x600000d467c0
564;0x600000d469c0
565;0x600000d46bc0
566;0x600000d46dc0
567;0x600000d46fc0
568;0x600000d471c0
569;0x600000d473c0
570;0x600000d475c0
571;0x600000d477c0
572;0x600000d479c0
573;0x600000d47bc0
574;0x600000d47dc0
575;0x600000d47fc0
