id;a0;a1;a2;a3;v;e;f
0x600000750000;0x600000750040;0x600000750200;0x600000750ac0;0x12cf041a0;0x600003c50028;0x12cf04560
0x600000750040;0x600000750000;0x600000750080;0x600000750a80;0x12cf042c0;0x600003c50028;0x12cf04560
0x600000750080;0x6000007500c0;0x600000750040;0x6000007504c0;0x12cf042c0;0x600003c500a8;0x12cf04560
0x6000007500c0;0x600000750080;0x600000750100;0x600000750480;0x12cf04350;0x600003c500a8;0x12cf04560
0x600000750100;0x600000750180;0x6000007500c0;0x6000007502c0;0x12cf04350;0x600003c50128;0x12cf04560
0x600000750180;0x600000750100;0x6000007501c0;0x600000750280;0x12cf04230;0x600003c50128;0x12cf04560
0x6000007501c0;0x600000750200;0x600000750180;0x6000007508c0;0x12cf04230;0x600003c501a8;0x12cf04560
0x600000750200;0x6000007501c0;0x600000750000;0x600000750880;0x12cf041a0;0x600003c501a8;0x12cf04560
0x600000750240;0x600000750140;0x6000007503c0;0x600000750940;0x12cf04278;0x600003c50228;0x12cf045c0
0x600000750140;0x600000750240;0x600000750280;0x600000750900;0x12cf04230;0x600003c50228;0x12cf045c0
0x600000750280;0x6000007502c0;0x600000750140;0x600000750180;0x12cf04230;0x600003c50128;0x12cf045c0
0x6000007502c0;0x600000750280;0x600000750300;0x600000750100;0x12cf04350;0x600003c50128;0x12cf045c0
0x600000750300;0x600000750340;0x6000007502c0;0x600000750440;0x12cf04350;0x600003c502a8;0x12cf045c0
0x600000750340;0x600000750300;0x600000750380;0x600000750400;0x12cf04398;0x600003c502a8;0x12cf045c0
0x600000750380;0x6000007503c0;0x600000750340;0x600000750740;0x12cf04398;0x600003c50328;0x12cf045c0
0x6000007503c0;0x600000750380;0x600000750240;0x600000750700;0x12cf04278;0x600003c50328;0x12cf045c0
0x600000750400;0x600000750440;0x6000007505c0;0x600000750340;0x12cf04398;0x600003c502a8;0x12cf04620
0x600000750440;0x600000750400;0x600000750480;0x600000750300;0x12cf04350;0x600003c502a8;0x12cf04620
0x600000750480;0x6000007504c0;0x600000750440;0x6000007500c0;0x12cf04350;0x600003c500a8;0x12cf04620
0x6000007504c0;0x600000750480;0x600000750500;0x600000750080;0x12cf042c0;0x600003c500a8;0x12cf04620
0x600000750500;0x600000750540;0x6000007504c0;0x600000750a40;0x12cf042c0;0x600003c503a8;0x12cf04620
0x600000750540;0x600000750500;0x600000750580;0x600000750a00;0x12cf04308;0x600003c503a8;0x12cf04620
0x600000750580;0x6000007505c0;0x600000750540;0x6000007507c0;0x12cf04308;0x600003c50428;0x12cf04620
0x6000007505c0;0x600000750580;0x600000750400;0x600000750780;0x12cf04398;0x600003c50428;0x12cf04620
0x600000750600;0x600000750640;0x6000007507c0;0x600000750bc0;0x12cf04308;0x600003c504a8;0x12cf04680
0x600000750640;0x600000750600;0x600000750680;0x600000750b80;0x12cf041e8;0x600003c504a8;0x12cf04680
0x600000750680;0x6000007506c0;0x600000750640;0x6000007509c0;0x12cf041e8;0x600003c50528;0x12cf04680
0x6000007506c0;0x600000750680;0x600000750700;0x600000750980;0x12cf04278;0x600003c50528;0x12cf04680
0x600000750700;0x600000750740;0x6000007506c0;0x6000007503c0;0x12cf04278;0x600003c50328;0x12cf04680
0x600000750740;0x600000750700;0x600000750780;0x600000750380;0x12cf04398;0x600003c50328;0x12cf04680
0x600000750780;0x6000007507c0;0x600000750740;0x6000007505c0;0x12cf04398;0x600003c50428;0x12cf04680
0x6000007507c0;0x600000750780;0x600000750600;0x600000750580;0x12cf04308;0x600003c50428;0x12cf04680
0x600000750800;0x600000750840;0x6000007509c0;0x600000750b40;0x12cf041e8;0x600003c505a8;0x12cf046e0
0x600000750840;0x600000750800;0x600000750880;0x600000750b00;0x12cf041a0;0x600003c505a8;0x12cf046e0
0x600000750880;0x6000007508c0;0x600000750840;0x600000750200;0x12cf041a0;0x600003c501a8;0x12cf046e0
0x6000007508c0;0x600000750880;0x600000750900;0x6000007501c0;0x12cf04230;0x600003c501a8;0x12cf046e0
0x600000750900;0x600000750940;0x6000007508c0;0x600000750140;0x12cf04230;0x600003c50228;0x12cf046e0
0x600000750940;0x600000750900;0x600000750980;0x600000750240;0x12cf04278;0x600003c50228;0x12cf046e0
0x600000750980;0x6000007509c0;0x600000750940;0x6000007506c0;0x12cf04278;0x600003c50528;0x12cf046e0
0x6000007509c0;0x600000750980;0x600000750800;0x600000750680;0x12cf041e8;0x600003c50528;0x12cf046e0
0x600000750a00;0x600000750a40;0x600000750bc0;0x600000750540;0x12cf04308;0x600003c503a8;0x12cf04740
0x600000750a40;0x600000750a00;0x600000750a80;0x600000750500;0x12cf042c0;0x600003c503a8;0x12cf04740
0x600000750a80;0x600000750ac0;0x600000750a40;0x600000750040;0x12cf042c0;0x600003c50028;0x12cf04740
0x600000750ac0;0x600000750a80;0x600000750b00;0x600000750000;0x12cf041a0;0x600003c50028;0x12cf04740
0x600000750b00;0x600000750b40;0x600000750ac0;0x600000750840;0x12cf041a0;0x600003c505a8;0x12cf04740
0x600000750b40;0x600000750b00;0x600000750b80;0x600000750800;0x12cf041e8;0x600003c505a8;0x12cf04740
0x600000750b80;0x600000750bc0;0x600000750b40;0x600000750640;0x12cf041e8;0x600003c504a8;0x12cf04740
0x600000750bc0;0x600000750b80;0x600000750a00;0x600000750600;0x12cf04308;0x600003c504a8;0x12cf04740
